{
    "rmse": 0.661841182822702,
    "mae": 0.5382599393027523,
    "r2": 0.2659600518980665
}