{
    "rmse": 0.7189681332490014,
    "mae": 0.5700316680967572,
    "r2": 0.2167877701454688
}